#最老的背景, 物流相关的
https://webp.czl.net/exp/wp-content/uploads/index-1-scaled.webp
https://webp.czl.net/exp/wp-content/uploads/index-2.webp
https://webp.czl.net/exp/wp-content/uploads/index-3.webp
https://webp.czl.net/exp/wp-content/uploads/index-4.webp
https://webp.czl.net/exp/wp-content/uploads/index-8.webp
https://webp.czl.net/exp/wp-content/uploads/index-9.webp
https://webp.czl.net/exp/wp-content/uploads/index-10.webp
https://webp.czl.net/exp/wp-content/uploads/datu1-scaled.webp
https://webp.czl.net/exp/wp-content/uploads/matthis-volquardsen-2091159-scaled.webp
#春节背景
#https://webp.czl.net/r2/2023/12/31/65916acb9634f.jpg
#https://webp.czl.net/exp/wp-content/uploads/index-7.webp
#飞机背景
https://webp.czl.net/r2/qiniu/2023/09/14/6501e735b146c.jpg

#CZL圣诞节背景
https://webp.czl.net/r2/2023/12/16/657da9007191a.jpg

#bing图纸

https://webp.czl.net/r2/2024/02/18/65d0f633bd52c.webp
https://webp.czl.net/r2/2024/02/18/65d0f618dcfef.webp
https://webp.czl.net/r2/2024/02/18/65d0f60f95d7e.webp
https://webp.czl.net/r2/2024/02/18/65d0f5fbc8fcc.webp
https://webp.czl.net/r2/2024/02/18/65d0f5f8dce59.webp
https://webp.czl.net/r2/2024/02/19/65d31fcf48fb3.webp
https://webp.czl.net/r2/2024/02/19/65d31fee5061c.webp
https://webp.czl.net/r2/2024/02/20/65d462ce0f055.webp
https://webp.czl.net/r2/2024/03/07/65e97f284274b.webp
https://webp.czl.net/r2/2024/03/07/65e9808f5dc93.webp
https://webp.czl.net/r2/2024/03/07/65e980dda4b08.webp
https://webp.czl.net/r2/2024/03/07/65e981091a71b.webp
https://webp.czl.net/r2/2024/03/25/6600f61b7c6d3.jpg
https://webp.czl.net/r2/2024/03/25/6600f61b92497.jpg
https://webp.czl.net/r2/2024/03/25/6600f61b748e6.jpg
https://webp.czl.net/r2/2024/03/25/6600f61b740ad.jpg
https://webp.czl.net/r2/2024/03/25/6600f61b722aa.jpg
https://webp.czl.net/r2/2024/03/25/6600f61b9ae13.jpg
https://webp.czl.net/r2/2024/03/25/6600f61b74fcf.jpg
https://webp.czl.net/r2/2024/03/28/6604dc14ab33c.webp

#截止2024.04.26

# 2024.08.19自己拍的
https://cdn-oracle.czl.net/img/2024/08/66c312512be41.jpeg
https://webp.czl.net/r2/img/2024/08/66c316ba5f036.jpeg
https://webp.czl.net/r2/img/2024/08/66c316ba81938.jpeg
https://webp.czl.net/r2/img/2024/08/66c316ba7323b.jpeg
https://webp.czl.net/r2/img/2024/08/66c316ba689ea.jpeg

# 2024.08.19bing图纸
https://webp.czl.net/r2/img/2024/08/66c3175e69bea.jpg
https://webp.czl.net/r2/img/2024/08/66c3175e6369f.jpg


